Datetime,Water Level (m)
2025-04-20 00:00:00,0.058678217
2025-04-20 01:00:00,0.1417195
2025-04-20 02:00:00,0.20514117
2025-04-20 03:00:00,0.20576873
2025-04-20 04:00:00,0.11987632
2025-04-20 05:00:00,0.01760121
2025-04-20 06:00:00,-0.09193113
2025-04-20 07:00:00,-0.21380228
2025-04-20 08:00:00,-0.32474655
2025-04-20 09:00:00,-0.39216682
2025-04-20 10:00:00,-0.33295086
2025-04-20 11:00:00,-0.15505601
2025-04-20 12:00:00,0.005681276
2025-04-20 13:00:00,0.17679106
2025-04-20 14:00:00,0.37165162
2025-04-20 15:00:00,0.52286047
2025-04-20 16:00:00,0.5576605
2025-04-20 17:00:00,0.47653812
2025-04-20 18:00:00,0.35145548
2025-04-20 19:00:00,0.21049581
2025-04-20 20:00:00,0.052595597
2025-04-20 21:00:00,-0.09949386
2025-04-20 22:00:00,-0.20590957
2025-04-20 23:00:00,-0.26421705
2025-04-21 00:00:00,-0.24289183
2025-04-21 01:00:00,-0.1579511
2025-04-21 02:00:00,-0.04928854
2025-04-21 03:00:00,0.063672505
2025-04-21 04:00:00,0.1650356
2025-04-21 05:00:00,0.1684566
2025-04-21 06:00:00,0.10596242
2025-04-21 07:00:00,0.013155609
2025-04-21 08:00:00,-0.09324252
2025-04-21 09:00:00,-0.19865651
2025-04-21 10:00:00,-0.2564205
2025-04-21 11:00:00,-0.21343249
2025-04-21 12:00:00,-0.108123675
2025-04-21 13:00:00,-0.0093291905
2025-04-21 14:00:00,0.11513075
2025-04-21 15:00:00,0.26878238
2025-04-21 16:00:00,0.4456146
2025-04-21 17:00:00,0.5530383
2025-04-21 18:00:00,0.54658335
2025-04-21 19:00:00,0.448755
2025-04-21 20:00:00,0.31524682
2025-04-21 21:00:00,0.15925561
2025-04-21 22:00:00,-0.010289495
2025-04-21 23:00:00,-0.1535659
2025-04-22 00:00:00,-0.24391314
2025-04-22 01:00:00,-0.26338866
2025-04-22 02:00:00,-0.1826764
2025-04-22 03:00:00,-0.06972869
2025-04-22 04:00:00,0.05235371
2025-04-22 05:00:00,0.17730862
2025-04-22 06:00:00,0.2671297
2025-04-22 07:00:00,0.25482556
2025-04-22 08:00:00,0.17844641
2025-04-22 09:00:00,0.07169796
2025-04-22 10:00:00,-0.050220117
2025-04-22 11:00:00,-0.15881887
2025-04-22 12:00:00,-0.20352244
2025-04-22 13:00:00,-0.13065131
2025-04-22 14:00:00,-0.016409945
2025-04-22 15:00:00,0.10807903
2025-04-22 16:00:00,0.2488226
2025-04-22 17:00:00,0.44171616
2025-04-22 18:00:00,0.6154609
2025-04-22 19:00:00,0.6806993
2025-04-22 20:00:00,0.6046055
2025-04-22 21:00:00,0.4668863
2025-04-22 22:00:00,0.30161723
2025-04-22 23:00:00,0.12331473
2025-04-23 00:00:00,-0.053857997
2025-04-23 01:00:00,-0.1831253
2025-04-23 02:00:00,-0.22820516
2025-04-23 03:00:00,-0.11571861
2025-04-23 04:00:00,0.047889374
2025-04-23 05:00:00,0.21103007
2025-04-23 06:00:00,0.39082512
2025-04-23 07:00:00,0.55743754
2025-04-23 08:00:00,0.60382956
2025-04-23 09:00:00,0.51171654
2025-04-23 10:00:00,0.37032315
2025-04-23 11:00:00,0.21156242
2025-04-23 12:00:00,0.043512676
2025-04-23 13:00:00,-0.10441648
2025-04-23 14:00:00,-0.15366411
2025-04-23 15:00:00,-0.0035247023
2025-04-23 16:00:00,0.18298696
2025-04-23 17:00:00,0.36315903
2025-04-23 18:00:00,0.5789143
2025-04-23 19:00:00,0.8002913
2025-04-23 20:00:00,0.89024
2025-04-23 21:00:00,0.8156762
2025-04-23 22:00:00,0.6544446
2025-04-23 23:00:00,0.4695391
2025-04-24 00:00:00,0.26981384
2025-04-24 01:00:00,0.070996225
2025-04-24 02:00:00,-0.09048764
2025-04-24 03:00:00,-0.1626597
2025-04-24 04:00:00,-0.0093948785
2025-04-24 05:00:00,0.21710333
2025-04-24 06:00:00,0.43440393
2025-04-24 07:00:00,0.654425
2025-04-24 08:00:00,0.85680044
2025-04-24 09:00:00,0.8764626
2025-04-24 10:00:00,0.74071115
2025-04-24 11:00:00,0.55223566
2025-04-24 12:00:00,0.35391045
2025-04-24 13:00:00,0.14977987
2025-04-24 14:00:00,-0.03839656
2025-04-24 15:00:00,-0.14178878
2025-04-24 16:00:00,-0.0040807333
2025-04-24 17:00:00,0.2363429
2025-04-24 18:00:00,0.46786365
2025-04-24 19:00:00,0.69905394
2025-04-24 20:00:00,0.93852144
2025-04-24 21:00:00,0.9921518
2025-04-24 22:00:00,0.86203796
2025-04-24 23:00:00,0.6657872
2025-04-25 00:00:00,0.45936108
2025-04-25 01:00:00,0.24293886
2025-04-25 02:00:00,0.033493306
2025-04-25 03:00:00,-0.12605502
2025-04-25 04:00:00,-0.18341519
2025-04-25 05:00:00,0.047118384
2025-04-25 06:00:00,0.32516882
2025-04-25 07:00:00,0.5873107
2025-04-25 08:00:00,0.84520876
2025-04-25 09:00:00,1.0373405
2025-04-25 10:00:00,0.9976419
2025-04-25 11:00:00,0.8185538
2025-04-25 12:00:00,0.60133594
2025-04-25 13:00:00,0.3854426
2025-04-25 14:00:00,0.16460201
2025-04-25 15:00:00,-0.027977718
2025-04-25 16:00:00,-0.13800909
2025-04-25 17:00:00,0.025478244
2025-04-25 18:00:00,0.29645795
2025-04-25 19:00:00,0.56030035
2025-04-25 20:00:00,0.80989033
2025-04-25 21:00:00,1.03842
2025-04-25 22:00:00,1.028472
2025-04-25 23:00:00,0.8598961
2025-04-26 00:00:00,0.64854026
